all,all
skip,skips
gateHHtauInf,gate_hh_tau_infs
gc,gc
morphology,morphology
gbase2,gbase2
gbase1,gbase1
sineGenerator,sine_generators
sineGeneratorDL,sine_generator_dls
cell2CaPools,cell2_ca_poolses
to,to
xSpacing,x_spacing
neuroml,neuroml
plasticityMechanism,plasticity_mechanism
unstructured,unstructured
alphaCondSynapse,alpha_cond_synapses
channelDensityNonUniform,channel_density_non_uniforms
synapse2,synapse2
synapse1,synapse1
condition,condition
notes,notes
zStart,z_start
membraneProperties,membrane_properties
inhomogeneousParameter,inhomogeneous_parameters
delT,del_t
targetVoltage,target_voltage
xs:anyURI,xs:any_uri
gLd,g_ld
rate,rate
biophysicalProperties,biophysical_properties
presynapticPopulation,presynaptic_population
finishAmplitude,finish_amplitude
gLs,g_ls
segmentGroup,segment_groups
alphaCurrentSynapse,alpha_current_synapses
poissonFiringSynapse,poisson_firing_synapses
cell,cells
gbase,gbase
v_reset,v_reset
component,component
active,active
path,paths
alphaCurrSynapse,alpha_curr_synapses
postsynapticPopulation,postsynaptic_population
gKdr,g_kdr
diameter,diameter
preFractionAlong,pre_fraction_along
projection,projections
href,href
qd0,qd0
select,select
forwardTransition,forward_transition
averageRate,average_rate
cellSet,cell_sets
channelDensityNernstCa2,channel_density_nernst_ca2s
postSegmentId,post_segment_id
spike,spikes
type,type
fitzHughNagumoCell,fitz_hugh_nagumo_cells
channelPopulation,channel_populations
continuousProjection,continuous_projections
include,includes
i_offset,i_offset
specificCapacitance,specific_capacitances
allowedSpaces,allowed_spaces
delta_T,delta_T
tauw,tauw
xSize,x_size
explicitInput,explicit_inputs
tau,tau
xs:nonNegativeInteger,xs:non_negative_integer
concentrationModel,concentration_model
ionChannelHH,ion_channel_hhs
channelDensityGHK,channel_density_ghks
intracellularProperties2CaPools,intracellular_properties2_ca_pools
tag,tag
v_rest,v_rest
v_spike,v_spike
linearGradedSynapse,linear_graded_synapses
iafCell,iaf_cells
species,species
silentSynapse,silent_synapses
spikeGeneratorRandom,spike_generator_randoms
gate,gates
steadyState,steady_state
parameter,parameter
y,y
e_rev_leak,e_rev_leak
channelDensity,channel_densities
expCondSynapse,exp_cond_synapses
continuousConnectionInstanceW,continuous_connection_instance_ws
expTwoSynapse,exp_two_synapses
annotation,annotation
a,a
gateKS,gate_kses
gbar_Na,gbar_Na
izhikevich2007Cell,izhikevich2007_cells
IF_curr_alpha,IF_curr_alpha
decayConstant,decay_constant
expOneSynapse,exp_one_synapses
baseCell,base_cells
tauDecay,tau_decay
iDend,i_dend
phi,phi
tsodyksMarkramDepFacMechanism,tsodyks_markram_dep_fac_mechanism
delay,delay
reverseRate,reverse_rate
channelDensityNernst,channel_density_nernsts
reverseTransition,reverse_transition
preComponent,pre_component
basePyNNIaFCondCell,basePyNNIaFCondCell
minISI,min_isi
gCa,g_ca
eNa,e_na
transientPoissonFiringSynapse,transient_poisson_firing_synapses
qualified,qualified
name,name
preCell,pre_cell
blockConcentration,block_concentration
inputList,input_lists
tauRec,tau_rec
weight,weight
networkTypes,network_types
inhomogeneousValue,inhomogeneous_value
conductance,conductance
description,description
eL,e_l
network,networks
eK,e_k
space,spaces
forwardRate,forward_rate
midpoint,midpoint
tau_syn_E,tau_syn_E
tau_syn_I,tau_syn_I
gKC,g_kc
rampGeneratorDL,ramp_generator_dls
vpeak,vpeak
alphac,alphac
neuroLexId,neuro_lex_id
returnVoltage,return_voltage
intracellularProperties,intracellular_properties
q10Settings,q10_settings
distal,distal
number,number
initialConcentration,initial_concentration
instances,instances
xs:string,xs:string
size,size
temperature,temperature
decayingPoolConcentrationModel,decaying_pool_concentration_models
voltageClampTriple,voltage_clamp_triples
alphaSynapse,alpha_synapses
preCellId,pre_cell_id
pulseGeneratorDL,pulse_generator_dls
thresh,thresh
gateHHrates,gate_hh_rates
population,populations
b,b
target,target
eCa,e_ca
shellThickness,shell_thickness
expCurrSynapse,exp_curr_synapses
amplitude,amplitude
resistivity,resistivities
ySpacing,y_spacing
ySize,y_size
gateFractional,gate_fractionals
blockMechanism,block_mechanism
instance,instances
connectionWD,connection_wds
gradedSynapse,graded_synapses
gapJunction,gap_junctions
baselineAmplitude,baseline_amplitude
rho,rho
phase,phase
segment,segments
refract,refract
postFractionAlong,post_fraction_along
ionChannelVShift,ion_channel_v_shifts
spikeGeneratorRefPoisson,spike_generator_ref_poissons
random,random
channelTypes,channel_types
xStart,x_start
xs:float,xs:float
tau_m,tau_m
layout,layout
basePyNNIaFCell,basePyNNIaFCell
voltageClamp,voltage_clamps
tau_w,tau_w
testingVoltage,testing_voltage
adExIaFCell,ad_ex_ia_f_cells
ionChannelKS,ion_channel_kses
preSegmentId,pre_segment_id
spikeThresh,spike_threshes
synapse,synapse
spikeGeneratorPoisson,spike_generator_poissons
vShift,v_shift
x,x
e_rev,e_rev
v_offset,v_offset
ionChannelPassive,ion_channel_passive
subGate,sub_gates
erev,erev
parent,parent
gL,g_l
tauRise,tau_rise
izhikevichCell,izhikevich_cells
postCellId,post_cell_id
condDensity,cond_density
gateHHratesTauInf,gate_h_hrates_tau_infs
c,c
fixedFactorConcentrationModel,fixed_factor_concentration_models
fixedQ10,fixed_q10
region,regions
extracellularProperties,extracellular_properties
connection,connections
http://www.w3.org/2001/XMLSchema http://www.w3.org/2001/XMLSchema.xsd,http://www.w3.org/2001/xml_schema http://www.w3.org/2001/xml_schema.xsd
electricalConnectionInstance,electrical_connection_instances
cm,cm
translationStart,translation_start
closedState,closed_states
period,period
gNa,g_na
gKahp,g_kahp
pp,pp
electricalConnectionInstanceW,electrical_connection_instance_ws
spikeTarget,spike_target
optional,optional
yStart,y_start
tauFac,tau_fac
q10Factor,q10_factor
populationList,population_list
zSpacing,z_spacing
synapse2Path,synapse2_path
betac,betac
experimentalTemp,experimental_temp
value,value
openState,open_states
property,properties
k,k
zSize,z_size
tau_refrac,tau_refrac
metric,metric
compoundInput,compound_inputs
ionChannel,ion_channel
vr,vr
vt,vt
iafTauRefCell,iaf_tau_ref_cells
id,id
basePyNNCell,basePyNNCell
scalingConc,scaling_conc
pinskyRinzelCA3Cell,pinsky_rinzel_ca3_cells
tauInfTransition,tau_inf_transition
member,members
gateHHInstantaneous,gate_hh_instantaneouses
populationTypes,population_types
conditioningVoltage,conditioning_voltage
ibase,ibase
v0,v0
ion,ion
variableParameter,variable_parameters
unqualified,unqualified
iSoma,i_soma
g_leak,g_leak
i,i
channelDensityVShift,channel_density_v_shifts
biophysicalProperties2CaPools,biophysical_properties2_ca_pools
fractionalConductance,fractional_conductance
dimension,dimension
http://www.neuroml.org/schema/neuroml2,http://www.neuroml.org/schema/neuroml2
tsodyksMarkramDepMechanism,tsodyks_markram_dep_mechanism
proximal,proximal
fitzHughNagumo1969Cell,fitz_hugh_nagumo1969_cells
segmentId,segment_id
q10ConductanceScaling,q10_conductance_scalings
rampGenerator,ramp_generators
source,source
extends,extends
location,location
input,input
voltageConcDepBlockMechanism,voltage_conc_dep_block_mechanism
postComponent,post_component
initReleaseProb,init_release_prob
maxISI,max_isi
doubleSynapse,double_synapses
grid,grid
IF_cond_alpha,IF_cond_alpha
d,d
v_thresh,v_thresh
timeCourse,time_course
spikeGenerator,spike_generators
timedSynapticInput,timed_synaptic_inputs
gateHHratesTau,gate_h_hrates_taus
continuousConnection,continuous_connections
duration,duration
scale,scale
metaid,metaid
networkWithTemperature,network_with_temperature
fractionAlong,fraction_along
normalizationEnd,normalization_end
synapse1Path,synapse1_path
electricalProjection,electrical_projections
IF_curr_exp,IF_curr_exp
gateHHratesInf,gate_h_hrates_infs
simpleSeriesResistance,simple_series_resistance
e_rev_Na,e_rev_Na
IF_cond_exp,IF_cond_exp
tau_syn,tau_syn
channelDensityGHK2,channel_density_ghk2s
e_rev_E,e_rev_E
e_rev_I,e_rev_I
e_rev_K,e_rev_K
preSegment,pre_segment
v_init,v_init
gNmda,g_nmda
scalingVolt,scaling_volt
initialExtConcentration,initial_ext_concentration
expThreeSynapse,exp_three_synapses
destination,destination
startAmplitude,start_amplitude
unbounded,unboundeds
compoundInputDL,compound_input_dls
xs:positiveInteger,xs:positive_integer
membraneProperties2CaPools,membrane_properties2_ca_pools
defaultValue,default_value
inputW,input_ws
continuousConnectionInstance,continuous_connection_instances
start,start
tauDecay1,tau_decay1
leakConductance,leak_conductance
tauDecay2,tau_decay2
exposure,exposure
subTree,sub_trees
javax.xml.bind.DatatypeConverter.parseInt,javax.xml.bind._datatype_converter.parse_int
delta,delta
iafTauCell,iaf_tau_cells
pulseGenerator,pulse_generators
iafRefCell,iaf_ref_cells
reset,reset
j,j
postSegment,post_segment
javax.xml.bind.DatatypeConverter.printInt,javax.xml.bind._datatype_converter.print_int
z,z
xs:double,xs:double
required,required
int,int
gAmpa,g_ampa
electricalConnection,electrical_connections
synapticConnection,synaptic_connections
gateTypes,gate_types
channelDensityNonUniformNernst,channel_density_non_uniform_nernsts
permeability,permeability
restingConc,resting_conc
basedOn,based_on
leakReversal,leak_reversal
channelDensityNonUniformGHK,channel_density_non_uniform_ghks
gbar_K,gbar_K
initMembPotential,init_memb_potentials
postCell,post_cell
variable,variable
structure,structure
spikeArray,spike_arrays
blockingPlasticSynapse,blocking_plastic_synapses
minimumISI,minimum_isi
time,time
